Feature,Pearson,Spearman,Kendall,MutualInfo,Avg_Correlation
TEMP,0.15388263295723947,0.2109692402093732,0.14232879654530922,0.10518995946156107,0.1690602232373073
MIN,0.15860526709604547,0.2070353252480812,0.1398198069180047,0.1100721966959215,0.1684867997540438
MAX,0.14573931453839745,0.21047368445777567,0.1419816302641654,0.11612958930792594,0.16606487642011283
DEWP,0.1523340376092626,0.19651695259678634,0.1342087593538793,0.10659893619450767,0.16101991651997608
SLP,-0.15875420071477464,-0.17370866771913254,-0.1165864835557868,0.06655848556442923,0.149683117329898
MXSPD,0.09032774355550272,0.1261882835806621,0.09054657920458098,0.0242989035387966,0.10235420211358193
GUST,0.10476439649117046,0.1096542208101357,0.07731301186337272,0.2587954580591374,0.09724387638822629
HEAT_INDEX_EXTREME_CAUTION,0.0735229364325215,0.06064773388112525,0.04981873042128762,0.0029140003993752828,0.06132980024497813
STP,0.044036693767474946,0.08223439056757743,0.053869590206432526,0.11385690360176781,0.060046891513828304
CLOSEST_STATION,-0.04673555766740577,0.05427744302830505,0.04797221402516689,0.300789698760231,0.04966173824029257
HIGH_TEMPERATURE,0.05361309182297994,0.03855538175411182,0.031671095471808096,0.0,0.04127985634963329
WDSP,0.017653039735823356,0.05372022296486727,0.03617960677217945,0.04625015605529015,0.03585095649095669
WIND_LEVEL_3,0.024791448798083895,0.0283905891715739,0.02332128536265641,0.0,0.02550110777743807
PRCP,0.019068550928372983,0.02931922245257311,0.021806980354433556,0.01828380138580954,0.02339825124512655
WIND_LEVEL_4,0.02502418698987093,0.02422405862773739,0.01989871293212983,0.004267444511592,0.02304898618324605
HEAT_INDEX_CAUTION,0.021993262655545395,0.023218416567938695,0.019072634075240975,0.0,0.021428104432908355
RH,0.03187978128828522,0.011442501632884744,0.00780688380958568,0.13232462841508674,0.017043055576918546
WIND_LEVEL_6,0.01221900603460961,0.008399274527369688,0.006899535508343955,0.0,0.009172605356774418
WIND_LEVEL_2,-0.00495906283190336,-0.011705248634015427,-0.009615208828002793,0.0,0.008759840097973861
WIND_LEVEL_5,0.007942891887134054,0.008656814000126507,0.007111089819528294,1.6835584737417975e-05,0.007903598568929618
WIND_LEVEL_1,-0.007717107567953027,-0.008330632294409626,-0.006843149742866628,0.0,0.007630296535076427
VISIB,-0.021219579125489493,0.00027897092476265216,0.0005181025460265565,0.04207448524892854,0.007338884198759567
LOW_TEMPERATURE,0.007994529134957537,0.006065022985780546,0.004982078072690353,0.002443192554696161,0.006347210064476146
PRECIPITATION_50,0.006330994569966912,0.006578519782433841,0.005403887048023343,0.0,0.006104467133474699
PRECIPITATION_100,-0.0031765352470887968,-0.0031102099746797996,-0.002554864005073653,0.001216026995014996,0.0029472030756140834
WIND_LEVEL_7,0.0011656443973505465,0.0028343927295246605,0.00232829552340772,0.0014003953375443245,0.0021094442167609757
HIGH_HUMIDITY,-0.003915630260636927,-0.0004923339981170351,-0.0004044249168073321,0.0,0.001604129725187098
SNDP,,,,0.0,
HEAT_INDEX_DANGER,,,,0.0,
HEAT_INDEX_EXTREME_DANGER,,,,0.0,
WIND_CHILL_VERY_COLD,,,,0.0,
WIND_CHILL_FROSTBITE_DANGER,,,,0.0,
WIND_CHILL_GREAT_FROSTBITE_DANGER,,,,0.0011696898983499793,
WIND_LEVEL_0,,,,0.0,
WIND_LEVEL_8,,,,0.0,
WIND_LEVEL_9,,,,0.0019180800069849013,
WIND_LEVEL_10,,,,0.0,
WIND_LEVEL_11,,,,0.0008992155041225303,
WIND_LEVEL_12,,,,0.0005447749775977506,
